order_id,customer_id,order_date,order_amount,status
1001,103,2024-01-01 00:00:00,120,paid
1002,180,2024-01-01 01:00:00,25,paid
1003,93,2024-01-01 02:00:00,199,paid
1004,15,2024-01-01 03:00:00,45,created
1005,107,2024-01-01 04:00:00,83,paid
1006,72,2024-01-01 05:00:00,78,created
1007,189,2024-01-01 06:00:00,128,created
1008,21,2024-01-01 07:00:00,140,paid
1009,103,2024-01-01 08:00:00,52,paid
1010,122,2024-01-01 09:00:00,169,created
1011,75,2024-01-01 10:00:00,40,paid
1012,88,2024-01-01 11:00:00,89,created
1013,117,2024-01-01 12:00:00,131,created
1014,100,2024-01-01 13:00:00,23,paid
1015,104,2024-01-01 14:00:00,113,paid
1016,152,2024-01-01 15:00:00,94,created
1017,131,2024-01-01 16:00:00,81,created
1018,150,2024-01-01 17:00:00,113,created
1019,53,2024-01-01 18:00:00,114,created
1020,2,2024-01-01 19:00:00,171,paid
1021,88,2024-01-01 20:00:00,74,paid
1022,158,2024-01-01 21:00:00,156,paid
1023,38,2024-01-01 22:00:00,150,paid
1024,130,2024-01-01 23:00:00,50,paid
1025,192,2024-01-02 00:00:00,59,created
1026,188,2024-01-02 01:00:00,55,paid
1027,21,2024-01-02 02:00:00,171,paid
1028,161,2024-01-02 03:00:00,25,paid
1029,58,2024-01-02 04:00:00,85,paid
1030,22,2024-01-02 05:00:00,94,paid
1031,89,2024-01-02 06:00:00,23,created
1032,49,2024-01-02 07:00:00,98,created
1033,59,2024-01-02 08:00:00,153,created
1034,170,2024-01-02 09:00:00,137,paid
1035,188,2024-01-02 10:00:00,132,created
1036,15,2024-01-02 11:00:00,113,created
1037,190,2024-01-02 12:00:00,198,paid
1038,190,2024-01-02 13:00:00,81,paid
1039,175,2024-01-02 14:00:00,98,paid
1040,190,2024-01-02 15:00:00,155,created
1041,51,2024-01-02 16:00:00,45,created
1042,108,2024-01-02 17:00:00,198,paid
1043,55,2024-01-02 18:00:00,192,paid
1044,64,2024-01-02 19:00:00,63,created
1045,131,2024-01-02 20:00:00,152,created
1046,51,2024-01-02 21:00:00,89,paid
1047,135,2024-01-02 22:00:00,173,paid
1048,21,2024-01-02 23:00:00,137,created
1049,73,2024-01-03 00:00:00,87,paid
1050,167,2024-01-03 01:00:00,38,created
1051,18,2024-01-03 02:00:00,39,created
1052,132,2024-01-03 03:00:00,132,created
1053,89,2024-01-03 04:00:00,159,created
1054,60,2024-01-03 05:00:00,66,paid
1055,14,2024-01-03 06:00:00,20,paid
1056,9,2024-01-03 07:00:00,109,created
1057,90,2024-01-03 08:00:00,161,created
1058,53,2024-01-03 09:00:00,83,created
1059,130,2024-01-03 10:00:00,57,created
1060,84,2024-01-03 11:00:00,56,created
1061,92,2024-01-03 12:00:00,145,paid
1062,111,2024-01-03 13:00:00,158,paid
1063,188,2024-01-03 14:00:00,119,paid
1064,199,2024-01-03 15:00:00,96,paid
1065,172,2024-01-03 16:00:00,22,created
1066,8,2024-01-03 17:00:00,180,created
1067,175,2024-01-03 18:00:00,153,created
1068,35,2024-01-03 19:00:00,197,created
1069,81,2024-01-03 20:00:00,29,created
1070,164,2024-01-03 21:00:00,24,paid
1071,50,2024-01-03 22:00:00,170,created
1072,104,2024-01-03 23:00:00,157,paid
1073,132,2024-01-04 00:00:00,191,paid
1074,2,2024-01-04 01:00:00,149,paid
1075,134,2024-01-04 02:00:00,32,paid
1076,54,2024-01-04 03:00:00,187,created
1077,106,2024-01-04 04:00:00,149,paid
1078,4,2024-01-04 05:00:00,103,paid
1079,54,2024-01-04 06:00:00,84,paid
1080,191,2024-01-04 07:00:00,82,created
1081,146,2024-01-04 08:00:00,120,created
1082,44,2024-01-04 09:00:00,92,created
1083,162,2024-01-04 10:00:00,36,paid
1084,190,2024-01-04 11:00:00,28,paid
1085,14,2024-01-04 12:00:00,162,created
1086,95,2024-01-04 13:00:00,171,paid
1087,48,2024-01-04 14:00:00,57,created
1088,15,2024-01-04 15:00:00,182,created
1089,190,2024-01-04 16:00:00,113,paid
1090,40,2024-01-04 17:00:00,114,paid
1091,82,2024-01-04 18:00:00,68,paid
1092,111,2024-01-04 19:00:00,88,paid
1093,53,2024-01-04 20:00:00,81,created
1094,24,2024-01-04 21:00:00,197,created
1095,154,2024-01-04 22:00:00,97,created
1096,188,2024-01-04 23:00:00,136,created
1097,124,2024-01-05 00:00:00,139,created
1098,41,2024-01-05 01:00:00,156,paid
1099,157,2024-01-05 02:00:00,181,created
1100,15,2024-01-05 03:00:00,95,created
1101,45,2024-01-05 04:00:00,54,created
1102,65,2024-01-05 05:00:00,20,paid
1103,89,2024-01-05 06:00:00,59,paid
1104,71,2024-01-05 07:00:00,83,paid
1105,9,2024-01-05 08:00:00,169,paid
1106,88,2024-01-05 09:00:00,79,created
1107,129,2024-01-05 10:00:00,83,created
1108,136,2024-01-05 11:00:00,112,paid
1109,63,2024-01-05 12:00:00,91,paid
1110,139,2024-01-05 13:00:00,30,created
1111,81,2024-01-05 14:00:00,124,created
1112,136,2024-01-05 15:00:00,33,paid
1113,163,2024-01-05 16:00:00,79,paid
1114,163,2024-01-05 17:00:00,49,paid
1115,33,2024-01-05 18:00:00,54,paid
1116,123,2024-01-05 19:00:00,184,created
1117,5,2024-01-05 20:00:00,24,created
1118,41,2024-01-05 21:00:00,102,created
1119,28,2024-01-05 22:00:00,142,paid
1120,135,2024-01-05 23:00:00,97,paid
1121,72,2024-01-06 00:00:00,173,created
1122,12,2024-01-06 01:00:00,81,created
1123,162,2024-01-06 02:00:00,151,created
1124,33,2024-01-06 03:00:00,108,created
1125,48,2024-01-06 04:00:00,61,paid
1126,151,2024-01-06 05:00:00,108,created
1127,62,2024-01-06 06:00:00,165,created
1128,37,2024-01-06 07:00:00,59,created
1129,99,2024-01-06 08:00:00,91,created
1130,172,2024-01-06 09:00:00,58,created
1131,104,2024-01-06 10:00:00,123,created
1132,35,2024-01-06 11:00:00,33,created
1133,193,2024-01-06 12:00:00,51,paid
1134,101,2024-01-06 13:00:00,198,paid
1135,175,2024-01-06 14:00:00,144,paid
1136,131,2024-01-06 15:00:00,185,paid
1137,1,2024-01-06 16:00:00,116,created
1138,5,2024-01-06 17:00:00,42,paid
1139,142,2024-01-06 18:00:00,82,paid
1140,103,2024-01-06 19:00:00,162,created
1141,27,2024-01-06 20:00:00,172,created
1142,137,2024-01-06 21:00:00,164,paid
1143,15,2024-01-06 22:00:00,72,paid
1144,90,2024-01-06 23:00:00,123,created
1145,42,2024-01-07 00:00:00,123,paid
1146,124,2024-01-07 01:00:00,198,created
1147,179,2024-01-07 02:00:00,58,created
1148,63,2024-01-07 03:00:00,198,created
1149,96,2024-01-07 04:00:00,153,created
1150,52,2024-01-07 05:00:00,86,paid
1151,96,2024-01-07 06:00:00,154,created
1152,132,2024-01-07 07:00:00,198,created
1153,151,2024-01-07 08:00:00,61,paid
1154,143,2024-01-07 09:00:00,34,created
1155,171,2024-01-07 10:00:00,130,paid
1156,29,2024-01-07 11:00:00,176,paid
1157,36,2024-01-07 12:00:00,52,paid
1158,13,2024-01-07 13:00:00,174,created
1159,160,2024-01-07 14:00:00,183,paid
1160,71,2024-01-07 15:00:00,176,paid
1161,187,2024-01-07 16:00:00,57,created
1162,86,2024-01-07 17:00:00,116,paid
1163,28,2024-01-07 18:00:00,174,paid
1164,66,2024-01-07 19:00:00,52,paid
1165,170,2024-01-07 20:00:00,105,paid
1166,45,2024-01-07 21:00:00,85,paid
1167,62,2024-01-07 22:00:00,29,created
1168,185,2024-01-07 23:00:00,24,paid
1169,134,2024-01-08 00:00:00,142,paid
1170,28,2024-01-08 01:00:00,93,created
1171,28,2024-01-08 02:00:00,116,created
1172,108,2024-01-08 03:00:00,137,created
1173,44,2024-01-08 04:00:00,57,paid
1174,84,2024-01-08 05:00:00,160,created
1175,30,2024-01-08 06:00:00,178,paid
1176,190,2024-01-08 07:00:00,66,paid
1177,75,2024-01-08 08:00:00,128,created
1178,128,2024-01-08 09:00:00,199,created
1179,92,2024-01-08 10:00:00,34,paid
1180,190,2024-01-08 11:00:00,176,created
1181,129,2024-01-08 12:00:00,155,paid
1182,121,2024-01-08 13:00:00,24,created
1183,27,2024-01-08 14:00:00,176,created
1184,190,2024-01-08 15:00:00,66,created
1185,121,2024-01-08 16:00:00,87,paid
1186,116,2024-01-08 17:00:00,95,created
1187,3,2024-01-08 18:00:00,192,paid
1188,103,2024-01-08 19:00:00,149,paid
1189,198,2024-01-08 20:00:00,174,paid
1190,155,2024-01-08 21:00:00,114,paid
1191,137,2024-01-08 22:00:00,134,created
1192,62,2024-01-08 23:00:00,183,paid
1193,165,2024-01-09 00:00:00,55,paid
1194,51,2024-01-09 01:00:00,45,created
1195,172,2024-01-09 02:00:00,62,paid
1196,152,2024-01-09 03:00:00,46,created
1197,59,2024-01-09 04:00:00,88,paid
1198,118,2024-01-09 05:00:00,167,created
1199,160,2024-01-09 06:00:00,30,paid
1200,96,2024-01-09 07:00:00,93,created
1201,180,2024-01-09 08:00:00,123,paid
1202,113,2024-01-09 09:00:00,57,paid
1203,62,2024-01-09 10:00:00,153,created
1204,186,2024-01-09 11:00:00,42,created
1205,52,2024-01-09 12:00:00,66,created
1206,12,2024-01-09 13:00:00,109,created
1207,39,2024-01-09 14:00:00,65,paid
1208,130,2024-01-09 15:00:00,126,paid
1209,131,2024-01-09 16:00:00,159,created
1210,113,2024-01-09 17:00:00,160,paid
1211,101,2024-01-09 18:00:00,123,created
1212,113,2024-01-09 19:00:00,130,created
1213,184,2024-01-09 20:00:00,123,paid
1214,81,2024-01-09 21:00:00,79,paid
1215,187,2024-01-09 22:00:00,190,paid
1216,113,2024-01-09 23:00:00,119,paid
1217,2,2024-01-10 00:00:00,87,paid
1218,130,2024-01-10 01:00:00,152,paid
1219,54,2024-01-10 02:00:00,139,paid
1220,87,2024-01-10 03:00:00,56,created
1221,129,2024-01-10 04:00:00,91,created
1222,147,2024-01-10 05:00:00,146,created
1223,126,2024-01-10 06:00:00,125,created
1224,130,2024-01-10 07:00:00,111,created
1225,53,2024-01-10 08:00:00,50,paid
1226,172,2024-01-10 09:00:00,141,created
1227,160,2024-01-10 10:00:00,156,created
1228,198,2024-01-10 11:00:00,70,created
1229,160,2024-01-10 12:00:00,48,created
1230,68,2024-01-10 13:00:00,59,created
1231,183,2024-01-10 14:00:00,60,created
1232,184,2024-01-10 15:00:00,30,created
1233,123,2024-01-10 16:00:00,170,paid
1234,145,2024-01-10 17:00:00,20,paid
1235,38,2024-01-10 18:00:00,65,created
1236,24,2024-01-10 19:00:00,120,paid
1237,69,2024-01-10 20:00:00,168,paid
1238,116,2024-01-10 21:00:00,109,paid
1239,98,2024-01-10 22:00:00,129,paid
1240,198,2024-01-10 23:00:00,183,created
1241,139,2024-01-11 00:00:00,76,paid
1242,144,2024-01-11 01:00:00,20,paid
1243,97,2024-01-11 02:00:00,82,paid
1244,124,2024-01-11 03:00:00,74,created
1245,187,2024-01-11 04:00:00,134,created
1246,70,2024-01-11 05:00:00,187,created
1247,93,2024-01-11 06:00:00,162,created
1248,3,2024-01-11 07:00:00,168,created
1249,148,2024-01-11 08:00:00,194,created
1250,187,2024-01-11 09:00:00,72,created
1251,164,2024-01-11 10:00:00,156,paid
1252,147,2024-01-11 11:00:00,199,paid
1253,90,2024-01-11 12:00:00,76,paid
1254,195,2024-01-11 13:00:00,136,created
1255,147,2024-01-11 14:00:00,173,created
1256,148,2024-01-11 15:00:00,188,created
1257,96,2024-01-11 16:00:00,54,created
1258,199,2024-01-11 17:00:00,82,created
1259,52,2024-01-11 18:00:00,44,paid
1260,161,2024-01-11 19:00:00,109,paid
1261,168,2024-01-11 20:00:00,94,created
1262,128,2024-01-11 21:00:00,57,created
1263,39,2024-01-11 22:00:00,149,created
1264,82,2024-01-11 23:00:00,154,created
1265,104,2024-01-12 00:00:00,181,paid
1266,129,2024-01-12 01:00:00,110,created
1267,11,2024-01-12 02:00:00,36,created
1268,185,2024-01-12 03:00:00,147,created
1269,178,2024-01-12 04:00:00,190,created
1270,151,2024-01-12 05:00:00,127,paid
1271,159,2024-01-12 06:00:00,198,created
1272,42,2024-01-12 07:00:00,171,created
1273,99,2024-01-12 08:00:00,44,paid
1274,7,2024-01-12 09:00:00,199,paid
1275,144,2024-01-12 10:00:00,107,paid
1276,90,2024-01-12 11:00:00,180,created
1277,112,2024-01-12 12:00:00,196,created
1278,60,2024-01-12 13:00:00,48,paid
1279,113,2024-01-12 14:00:00,82,paid
1280,2,2024-01-12 15:00:00,169,paid
1281,129,2024-01-12 16:00:00,173,paid
1282,48,2024-01-12 17:00:00,175,paid
1283,140,2024-01-12 18:00:00,133,paid
1284,197,2024-01-12 19:00:00,68,created
1285,37,2024-01-12 20:00:00,100,created
1286,160,2024-01-12 21:00:00,103,created
1287,9,2024-01-12 22:00:00,124,paid
1288,99,2024-01-12 23:00:00,196,paid
1289,147,2024-01-13 00:00:00,167,paid
1290,48,2024-01-13 01:00:00,137,paid
1291,131,2024-01-13 02:00:00,105,paid
1292,148,2024-01-13 03:00:00,82,paid
1293,152,2024-01-13 04:00:00,123,created
1294,54,2024-01-13 05:00:00,68,created
1295,120,2024-01-13 06:00:00,90,paid
1296,161,2024-01-13 07:00:00,20,created
1297,152,2024-01-13 08:00:00,160,paid
1298,116,2024-01-13 09:00:00,198,created
1299,75,2024-01-13 10:00:00,142,paid
1300,113,2024-01-13 11:00:00,81,paid
1301,164,2024-01-13 12:00:00,51,created
1302,166,2024-01-13 13:00:00,177,created
1303,104,2024-01-13 14:00:00,48,paid
1304,84,2024-01-13 15:00:00,68,paid
1305,112,2024-01-13 16:00:00,192,created
1306,99,2024-01-13 17:00:00,49,created
1307,153,2024-01-13 18:00:00,163,paid
1308,93,2024-01-13 19:00:00,187,created
1309,146,2024-01-13 20:00:00,38,paid
1310,128,2024-01-13 21:00:00,37,paid
1311,110,2024-01-13 22:00:00,20,paid
1312,82,2024-01-13 23:00:00,97,paid
1313,194,2024-01-14 00:00:00,134,created
1314,54,2024-01-14 01:00:00,194,created
1315,163,2024-01-14 02:00:00,132,created
1316,189,2024-01-14 03:00:00,133,created
1317,169,2024-01-14 04:00:00,185,created
1318,161,2024-01-14 05:00:00,198,created
1319,68,2024-01-14 06:00:00,82,created
1320,33,2024-01-14 07:00:00,151,paid
1321,142,2024-01-14 08:00:00,148,created
1322,21,2024-01-14 09:00:00,27,created
1323,48,2024-01-14 10:00:00,176,paid
1324,148,2024-01-14 11:00:00,74,created
1325,128,2024-01-14 12:00:00,122,created
1326,136,2024-01-14 13:00:00,150,paid
1327,135,2024-01-14 14:00:00,51,created
1328,195,2024-01-14 15:00:00,29,created
1329,145,2024-01-14 16:00:00,129,created
1330,128,2024-01-14 17:00:00,181,paid
1331,33,2024-01-14 18:00:00,143,created
1332,176,2024-01-14 19:00:00,106,created
1333,187,2024-01-14 20:00:00,74,paid
1334,115,2024-01-14 21:00:00,51,created
1335,119,2024-01-14 22:00:00,197,paid
1336,22,2024-01-14 23:00:00,154,paid
1337,158,2024-01-15 00:00:00,112,created
1338,38,2024-01-15 01:00:00,27,paid
1339,109,2024-01-15 02:00:00,84,paid
1340,51,2024-01-15 03:00:00,76,created
1341,182,2024-01-15 04:00:00,86,paid
1342,8,2024-01-15 05:00:00,91,paid
1343,27,2024-01-15 06:00:00,73,created
1344,27,2024-01-15 07:00:00,86,created
1345,21,2024-01-15 08:00:00,70,created
1346,30,2024-01-15 09:00:00,116,paid
1347,97,2024-01-15 10:00:00,111,created
1348,28,2024-01-15 11:00:00,27,paid
1349,111,2024-01-15 12:00:00,181,paid
1350,192,2024-01-15 13:00:00,54,paid
1351,197,2024-01-15 14:00:00,115,paid
1352,61,2024-01-15 15:00:00,107,paid
1353,48,2024-01-15 16:00:00,97,paid
1354,147,2024-01-15 17:00:00,51,paid
1355,4,2024-01-15 18:00:00,139,created
1356,35,2024-01-15 19:00:00,65,created
1357,192,2024-01-15 20:00:00,163,paid
1358,49,2024-01-15 21:00:00,184,paid
1359,17,2024-01-15 22:00:00,161,created
1360,172,2024-01-15 23:00:00,74,paid
1361,158,2024-01-16 00:00:00,195,created
1362,46,2024-01-16 01:00:00,26,created
1363,117,2024-01-16 02:00:00,93,created
1364,6,2024-01-16 03:00:00,26,paid
1365,99,2024-01-16 04:00:00,180,paid
1366,124,2024-01-16 05:00:00,170,created
1367,37,2024-01-16 06:00:00,104,created
1368,24,2024-01-16 07:00:00,166,created
1369,93,2024-01-16 08:00:00,131,created
1370,46,2024-01-16 09:00:00,144,created
1371,181,2024-01-16 10:00:00,166,paid
1372,95,2024-01-16 11:00:00,55,created
1373,99,2024-01-16 12:00:00,48,paid
1374,188,2024-01-16 13:00:00,101,created
1375,116,2024-01-16 14:00:00,21,paid
1376,191,2024-01-16 15:00:00,148,paid
1377,160,2024-01-16 16:00:00,66,paid
1378,161,2024-01-16 17:00:00,167,paid
1379,67,2024-01-16 18:00:00,30,paid
1380,128,2024-01-16 19:00:00,149,paid
1381,18,2024-01-16 20:00:00,138,created
1382,25,2024-01-16 21:00:00,159,paid
1383,54,2024-01-16 22:00:00,39,created
1384,58,2024-01-16 23:00:00,24,paid
1385,67,2024-01-17 00:00:00,56,paid
1386,104,2024-01-17 01:00:00,185,created
1387,174,2024-01-17 02:00:00,156,paid
1388,24,2024-01-17 03:00:00,72,created
1389,114,2024-01-17 04:00:00,191,created
1390,32,2024-01-17 05:00:00,118,created
1391,175,2024-01-17 06:00:00,105,created
1392,86,2024-01-17 07:00:00,127,paid
1393,151,2024-01-17 08:00:00,43,paid
1394,194,2024-01-17 09:00:00,100,created
1395,127,2024-01-17 10:00:00,177,paid
1396,155,2024-01-17 11:00:00,139,paid
1397,130,2024-01-17 12:00:00,78,created
1398,17,2024-01-17 13:00:00,147,paid
1399,104,2024-01-17 14:00:00,133,created
1400,161,2024-01-17 15:00:00,134,created
1401,137,2024-01-17 16:00:00,33,paid
1402,43,2024-01-17 17:00:00,28,paid
1403,176,2024-01-17 18:00:00,59,paid
1404,39,2024-01-17 19:00:00,44,created
1405,170,2024-01-17 20:00:00,122,created
1406,26,2024-01-17 21:00:00,41,paid
1407,99,2024-01-17 22:00:00,23,paid
1408,50,2024-01-17 23:00:00,173,paid
1409,153,2024-01-18 00:00:00,48,paid
1410,152,2024-01-18 01:00:00,128,created
1411,13,2024-01-18 02:00:00,117,paid
1412,60,2024-01-18 03:00:00,56,created
1413,135,2024-01-18 04:00:00,94,created
1414,57,2024-01-18 05:00:00,89,paid
1415,36,2024-01-18 06:00:00,165,paid
1416,173,2024-01-18 07:00:00,147,paid
1417,20,2024-01-18 08:00:00,104,created
1418,65,2024-01-18 09:00:00,61,paid
1419,8,2024-01-18 10:00:00,119,paid
1420,144,2024-01-18 11:00:00,60,created
1421,142,2024-01-18 12:00:00,185,paid
1422,115,2024-01-18 13:00:00,53,created
1423,143,2024-01-18 14:00:00,36,paid
1424,92,2024-01-18 15:00:00,184,created
1425,98,2024-01-18 16:00:00,172,paid
1426,66,2024-01-18 17:00:00,141,paid
1427,32,2024-01-18 18:00:00,95,created
1428,191,2024-01-18 19:00:00,106,created
1429,86,2024-01-18 20:00:00,136,paid
1430,51,2024-01-18 21:00:00,125,created
1431,153,2024-01-18 22:00:00,105,created
1432,186,2024-01-18 23:00:00,46,created
1433,63,2024-01-19 00:00:00,76,created
1434,190,2024-01-19 01:00:00,50,paid
1435,125,2024-01-19 02:00:00,153,paid
1436,150,2024-01-19 03:00:00,187,created
1437,58,2024-01-19 04:00:00,117,created
1438,58,2024-01-19 05:00:00,31,created
1439,86,2024-01-19 06:00:00,72,created
1440,49,2024-01-19 07:00:00,157,paid
1441,180,2024-01-19 08:00:00,192,paid
1442,170,2024-01-19 09:00:00,164,created
1443,70,2024-01-19 10:00:00,173,created
1444,15,2024-01-19 11:00:00,141,created
1445,54,2024-01-19 12:00:00,65,paid
1446,188,2024-01-19 13:00:00,83,created
1447,101,2024-01-19 14:00:00,149,paid
1448,8,2024-01-19 15:00:00,73,created
1449,53,2024-01-19 16:00:00,126,paid
1450,60,2024-01-19 17:00:00,70,created
1451,108,2024-01-19 18:00:00,55,paid
1452,5,2024-01-19 19:00:00,134,created
1453,103,2024-01-19 20:00:00,45,created
1454,196,2024-01-19 21:00:00,48,created
1455,6,2024-01-19 22:00:00,168,paid
1456,109,2024-01-19 23:00:00,30,created
1457,116,2024-01-20 00:00:00,59,paid
1458,94,2024-01-20 01:00:00,30,paid
1459,47,2024-01-20 02:00:00,183,created
1460,99,2024-01-20 03:00:00,132,created
1461,55,2024-01-20 04:00:00,58,created
1462,168,2024-01-20 05:00:00,73,paid
1463,52,2024-01-20 06:00:00,117,created
1464,144,2024-01-20 07:00:00,74,paid
1465,13,2024-01-20 08:00:00,130,paid
1466,114,2024-01-20 09:00:00,171,created
1467,124,2024-01-20 10:00:00,169,created
1468,106,2024-01-20 11:00:00,88,created
1469,158,2024-01-20 12:00:00,75,created
1470,147,2024-01-20 13:00:00,52,created
1471,145,2024-01-20 14:00:00,55,created
1472,120,2024-01-20 15:00:00,167,paid
1473,63,2024-01-20 16:00:00,100,paid
1474,19,2024-01-20 17:00:00,128,paid
1475,92,2024-01-20 18:00:00,173,created
1476,58,2024-01-20 19:00:00,92,paid
1477,183,2024-01-20 20:00:00,59,paid
1478,90,2024-01-20 21:00:00,36,paid
1479,117,2024-01-20 22:00:00,148,paid
1480,62,2024-01-20 23:00:00,80,paid
1481,23,2024-01-21 00:00:00,190,created
1482,127,2024-01-21 01:00:00,123,created
1483,137,2024-01-21 02:00:00,61,paid
1484,140,2024-01-21 03:00:00,44,paid
1485,129,2024-01-21 04:00:00,58,paid
1486,58,2024-01-21 05:00:00,54,created
1487,122,2024-01-21 06:00:00,150,created
1488,1,2024-01-21 07:00:00,127,paid
1489,34,2024-01-21 08:00:00,191,created
1490,96,2024-01-21 09:00:00,198,created
1491,126,2024-01-21 10:00:00,121,paid
1492,118,2024-01-21 11:00:00,117,created
1493,48,2024-01-21 12:00:00,31,created
1494,89,2024-01-21 13:00:00,38,paid
1495,117,2024-01-21 14:00:00,120,created
1496,129,2024-01-21 15:00:00,63,created
1497,16,2024-01-21 16:00:00,68,paid
1498,189,2024-01-21 17:00:00,36,created
1499,192,2024-01-21 18:00:00,93,created
1500,191,2024-01-21 19:00:00,76,paid
1501,69,2024-01-21 20:00:00,74,paid
1502,22,2024-01-21 21:00:00,66,paid
1503,93,2024-01-21 22:00:00,31,created
1504,195,2024-01-21 23:00:00,81,paid
1505,76,2024-01-22 00:00:00,99,created
1506,154,2024-01-22 01:00:00,102,paid
1507,144,2024-01-22 02:00:00,27,created
1508,179,2024-01-22 03:00:00,168,paid
1509,86,2024-01-22 04:00:00,100,paid
1510,185,2024-01-22 05:00:00,137,paid
1511,29,2024-01-22 06:00:00,44,paid
1512,69,2024-01-22 07:00:00,108,created
1513,47,2024-01-22 08:00:00,31,paid
1514,94,2024-01-22 09:00:00,162,paid
1515,190,2024-01-22 10:00:00,78,created
1516,197,2024-01-22 11:00:00,173,paid
1517,144,2024-01-22 12:00:00,128,created
1518,176,2024-01-22 13:00:00,45,paid
1519,85,2024-01-22 14:00:00,66,paid
1520,39,2024-01-22 15:00:00,51,paid
1521,100,2024-01-22 16:00:00,29,created
1522,33,2024-01-22 17:00:00,35,paid
1523,101,2024-01-22 18:00:00,164,paid
1524,23,2024-01-22 19:00:00,170,paid
1525,10,2024-01-22 20:00:00,45,created
1526,69,2024-01-22 21:00:00,105,created
1527,100,2024-01-22 22:00:00,154,paid
1528,34,2024-01-22 23:00:00,33,created
1529,180,2024-01-23 00:00:00,98,paid
1530,138,2024-01-23 01:00:00,136,paid
1531,147,2024-01-23 02:00:00,26,paid
1532,186,2024-01-23 03:00:00,156,paid
1533,96,2024-01-23 04:00:00,134,paid
1534,1,2024-01-23 05:00:00,195,paid
1535,69,2024-01-23 06:00:00,91,paid
1536,4,2024-01-23 07:00:00,78,created
1537,16,2024-01-23 08:00:00,101,created
1538,24,2024-01-23 09:00:00,135,created
1539,80,2024-01-23 10:00:00,186,created
1540,2,2024-01-23 11:00:00,165,created
1541,128,2024-01-23 12:00:00,122,created
1542,160,2024-01-23 13:00:00,36,created
1543,84,2024-01-23 14:00:00,33,paid
1544,152,2024-01-23 15:00:00,178,paid
1545,140,2024-01-23 16:00:00,171,paid
1546,178,2024-01-23 17:00:00,127,paid
1547,163,2024-01-23 18:00:00,64,created
1548,124,2024-01-23 19:00:00,117,created
1549,33,2024-01-23 20:00:00,150,paid
1550,161,2024-01-23 21:00:00,56,paid
1551,189,2024-01-23 22:00:00,190,created
1552,179,2024-01-23 23:00:00,187,paid
1553,171,2024-01-24 00:00:00,127,paid
1554,101,2024-01-24 01:00:00,58,paid
1555,12,2024-01-24 02:00:00,34,paid
1556,67,2024-01-24 03:00:00,139,created
1557,65,2024-01-24 04:00:00,23,paid
1558,161,2024-01-24 05:00:00,112,paid
1559,168,2024-01-24 06:00:00,172,created
1560,74,2024-01-24 07:00:00,160,created
1561,43,2024-01-24 08:00:00,180,paid
1562,44,2024-01-24 09:00:00,35,created
1563,29,2024-01-24 10:00:00,189,paid
1564,141,2024-01-24 11:00:00,127,paid
1565,12,2024-01-24 12:00:00,145,created
1566,95,2024-01-24 13:00:00,74,paid
1567,46,2024-01-24 14:00:00,189,paid
1568,130,2024-01-24 15:00:00,53,paid
1569,35,2024-01-24 16:00:00,177,paid
1570,81,2024-01-24 17:00:00,32,created
1571,90,2024-01-24 18:00:00,160,created
1572,8,2024-01-24 19:00:00,37,paid
1573,93,2024-01-24 20:00:00,179,created
1574,154,2024-01-24 21:00:00,115,paid
1575,90,2024-01-24 22:00:00,142,paid
1576,162,2024-01-24 23:00:00,58,paid
1577,115,2024-01-25 00:00:00,65,paid
1578,105,2024-01-25 01:00:00,48,paid
1579,135,2024-01-25 02:00:00,81,created
1580,196,2024-01-25 03:00:00,35,paid
1581,58,2024-01-25 04:00:00,140,created
1582,114,2024-01-25 05:00:00,29,created
1583,75,2024-01-25 06:00:00,177,paid
1584,157,2024-01-25 07:00:00,172,paid
1585,120,2024-01-25 08:00:00,122,paid
1586,164,2024-01-25 09:00:00,103,paid
1587,21,2024-01-25 10:00:00,152,paid
1588,164,2024-01-25 11:00:00,84,created
1589,138,2024-01-25 12:00:00,196,paid
1590,101,2024-01-25 13:00:00,22,paid
1591,152,2024-01-25 14:00:00,192,created
1592,192,2024-01-25 15:00:00,161,created
1593,177,2024-01-25 16:00:00,139,paid
1594,99,2024-01-25 17:00:00,177,created
1595,36,2024-01-25 18:00:00,87,paid
1596,96,2024-01-25 19:00:00,165,created
1597,152,2024-01-25 20:00:00,56,created
1598,151,2024-01-25 21:00:00,172,paid
1599,190,2024-01-25 22:00:00,195,created
1600,37,2024-01-25 23:00:00,92,created
1601,12,2024-01-26 00:00:00,162,created
1602,113,2024-01-26 01:00:00,68,created
1603,183,2024-01-26 02:00:00,140,created
1604,13,2024-01-26 03:00:00,107,created
1605,23,2024-01-26 04:00:00,159,paid
1606,99,2024-01-26 05:00:00,56,paid
1607,105,2024-01-26 06:00:00,80,created
1608,30,2024-01-26 07:00:00,190,paid
1609,17,2024-01-26 08:00:00,143,paid
1610,113,2024-01-26 09:00:00,58,paid
1611,62,2024-01-26 10:00:00,82,created
1612,84,2024-01-26 11:00:00,65,paid
1613,112,2024-01-26 12:00:00,107,created
1614,86,2024-01-26 13:00:00,30,paid
1615,141,2024-01-26 14:00:00,81,created
1616,187,2024-01-26 15:00:00,96,created
1617,19,2024-01-26 16:00:00,172,paid
1618,177,2024-01-26 17:00:00,71,paid
1619,100,2024-01-26 18:00:00,23,created
1620,140,2024-01-26 19:00:00,78,paid
1621,189,2024-01-26 20:00:00,91,paid
1622,147,2024-01-26 21:00:00,167,paid
1623,76,2024-01-26 22:00:00,112,created
1624,9,2024-01-26 23:00:00,82,created
1625,199,2024-01-27 00:00:00,73,paid
1626,28,2024-01-27 01:00:00,136,paid
1627,128,2024-01-27 02:00:00,129,paid
1628,52,2024-01-27 03:00:00,93,created
1629,83,2024-01-27 04:00:00,126,created
1630,111,2024-01-27 05:00:00,76,paid
1631,144,2024-01-27 06:00:00,188,paid
1632,117,2024-01-27 07:00:00,22,paid
1633,69,2024-01-27 08:00:00,139,paid
1634,99,2024-01-27 09:00:00,25,paid
1635,140,2024-01-27 10:00:00,24,paid
1636,25,2024-01-27 11:00:00,24,created
1637,180,2024-01-27 12:00:00,73,paid
1638,123,2024-01-27 13:00:00,66,created
1639,53,2024-01-27 14:00:00,196,paid
1640,151,2024-01-27 15:00:00,28,paid
1641,144,2024-01-27 16:00:00,118,created
1642,57,2024-01-27 17:00:00,39,created
1643,39,2024-01-27 18:00:00,141,created
1644,109,2024-01-27 19:00:00,80,created
1645,181,2024-01-27 20:00:00,142,paid
1646,42,2024-01-27 21:00:00,182,created
1647,186,2024-01-27 22:00:00,197,paid
1648,167,2024-01-27 23:00:00,101,created
1649,142,2024-01-28 00:00:00,81,paid
1650,122,2024-01-28 01:00:00,164,paid
1651,133,2024-01-28 02:00:00,22,paid
1652,163,2024-01-28 03:00:00,179,paid
1653,75,2024-01-28 04:00:00,32,paid
1654,146,2024-01-28 05:00:00,139,paid
1655,76,2024-01-28 06:00:00,144,created
1656,9,2024-01-28 07:00:00,108,paid
1657,74,2024-01-28 08:00:00,92,created
1658,186,2024-01-28 09:00:00,87,created
1659,145,2024-01-28 10:00:00,161,paid
1660,7,2024-01-28 11:00:00,120,created
1661,174,2024-01-28 12:00:00,117,paid
1662,141,2024-01-28 13:00:00,30,created
1663,168,2024-01-28 14:00:00,124,paid
1664,170,2024-01-28 15:00:00,86,created
1665,137,2024-01-28 16:00:00,142,paid
1666,178,2024-01-28 17:00:00,48,paid
1667,27,2024-01-28 18:00:00,156,paid
1668,122,2024-01-28 19:00:00,172,paid
1669,194,2024-01-28 20:00:00,95,created
1670,5,2024-01-28 21:00:00,189,paid
1671,29,2024-01-28 22:00:00,28,created
1672,165,2024-01-28 23:00:00,59,created
1673,166,2024-01-29 00:00:00,44,created
1674,83,2024-01-29 01:00:00,24,paid
1675,136,2024-01-29 02:00:00,158,created
1676,109,2024-01-29 03:00:00,143,created
1677,65,2024-01-29 04:00:00,57,created
1678,86,2024-01-29 05:00:00,91,paid
1679,145,2024-01-29 06:00:00,152,paid
1680,71,2024-01-29 07:00:00,195,created
1681,45,2024-01-29 08:00:00,109,paid
1682,132,2024-01-29 09:00:00,165,paid
1683,36,2024-01-29 10:00:00,56,created
1684,70,2024-01-29 11:00:00,79,created
1685,159,2024-01-29 12:00:00,195,paid
1686,19,2024-01-29 13:00:00,47,created
1687,189,2024-01-29 14:00:00,100,paid
1688,108,2024-01-29 15:00:00,133,paid
1689,182,2024-01-29 16:00:00,59,paid
1690,167,2024-01-29 17:00:00,64,paid
1691,91,2024-01-29 18:00:00,81,paid
1692,90,2024-01-29 19:00:00,112,paid
1693,19,2024-01-29 20:00:00,134,created
1694,39,2024-01-29 21:00:00,86,created
1695,126,2024-01-29 22:00:00,75,paid
1696,195,2024-01-29 23:00:00,59,paid
1697,173,2024-01-30 00:00:00,117,paid
1698,141,2024-01-30 01:00:00,59,created
1699,126,2024-01-30 02:00:00,110,paid
1700,58,2024-01-30 03:00:00,52,created
1701,148,2024-01-30 04:00:00,25,paid
1702,61,2024-01-30 05:00:00,166,paid
1703,127,2024-01-30 06:00:00,99,created
1704,105,2024-01-30 07:00:00,187,created
1705,167,2024-01-30 08:00:00,111,paid
1706,1,2024-01-30 09:00:00,116,paid
1707,131,2024-01-30 10:00:00,78,paid
1708,92,2024-01-30 11:00:00,78,created
1709,190,2024-01-30 12:00:00,67,created
1710,191,2024-01-30 13:00:00,188,created
1711,113,2024-01-30 14:00:00,32,created
1712,153,2024-01-30 15:00:00,126,created
1713,56,2024-01-30 16:00:00,64,created
1714,161,2024-01-30 17:00:00,108,paid
1715,166,2024-01-30 18:00:00,189,paid
1716,117,2024-01-30 19:00:00,119,created
1717,134,2024-01-30 20:00:00,174,paid
1718,58,2024-01-30 21:00:00,185,paid
1719,44,2024-01-30 22:00:00,26,created
1720,173,2024-01-30 23:00:00,152,paid
1721,160,2024-01-31 00:00:00,64,created
1722,173,2024-01-31 01:00:00,77,created
1723,61,2024-01-31 02:00:00,50,paid
1724,47,2024-01-31 03:00:00,42,created
1725,149,2024-01-31 04:00:00,189,created
1726,80,2024-01-31 05:00:00,157,created
1727,118,2024-01-31 06:00:00,179,created
1728,164,2024-01-31 07:00:00,126,created
1729,147,2024-01-31 08:00:00,177,created
1730,20,2024-01-31 09:00:00,58,created
1731,185,2024-01-31 10:00:00,178,created
1732,146,2024-01-31 11:00:00,101,paid
1733,47,2024-01-31 12:00:00,119,paid
1734,49,2024-01-31 13:00:00,21,paid
1735,14,2024-01-31 14:00:00,96,created
1736,143,2024-01-31 15:00:00,31,created
1737,159,2024-01-31 16:00:00,58,paid
1738,1,2024-01-31 17:00:00,32,paid
1739,117,2024-01-31 18:00:00,65,paid
1740,54,2024-01-31 19:00:00,174,created
1741,118,2024-01-31 20:00:00,132,paid
1742,3,2024-01-31 21:00:00,36,paid
1743,144,2024-01-31 22:00:00,123,created
1744,185,2024-01-31 23:00:00,117,paid
1745,12,2024-02-01 00:00:00,107,created
1746,74,2024-02-01 01:00:00,128,created
1747,16,2024-02-01 02:00:00,182,created
1748,102,2024-02-01 03:00:00,89,paid
1749,152,2024-02-01 04:00:00,177,paid
1750,156,2024-02-01 05:00:00,93,created
1751,117,2024-02-01 06:00:00,82,paid
1752,8,2024-02-01 07:00:00,175,paid
1753,122,2024-02-01 08:00:00,79,paid
1754,92,2024-02-01 09:00:00,98,paid
1755,164,2024-02-01 10:00:00,56,created
1756,90,2024-02-01 11:00:00,41,paid
1757,136,2024-02-01 12:00:00,167,created
1758,186,2024-02-01 13:00:00,115,created
1759,60,2024-02-01 14:00:00,87,paid
1760,178,2024-02-01 15:00:00,36,created
1761,28,2024-02-01 16:00:00,31,paid
1762,101,2024-02-01 17:00:00,169,paid
1763,41,2024-02-01 18:00:00,164,created
1764,192,2024-02-01 19:00:00,157,created
1765,155,2024-02-01 20:00:00,137,created
1766,191,2024-02-01 21:00:00,41,created
1767,145,2024-02-01 22:00:00,139,paid
1768,161,2024-02-01 23:00:00,69,paid
1769,157,2024-02-02 00:00:00,33,paid
1770,141,2024-02-02 01:00:00,194,created
1771,46,2024-02-02 02:00:00,48,created
1772,35,2024-02-02 03:00:00,183,created
1773,134,2024-02-02 04:00:00,199,paid
1774,82,2024-02-02 05:00:00,144,created
1775,115,2024-02-02 06:00:00,26,paid
1776,197,2024-02-02 07:00:00,48,created
1777,47,2024-02-02 08:00:00,158,paid
1778,153,2024-02-02 09:00:00,52,paid
1779,194,2024-02-02 10:00:00,153,created
1780,10,2024-02-02 11:00:00,130,created
1781,56,2024-02-02 12:00:00,98,paid
1782,30,2024-02-02 13:00:00,179,paid
1783,109,2024-02-02 14:00:00,198,created
1784,5,2024-02-02 15:00:00,77,created
1785,119,2024-02-02 16:00:00,45,paid
1786,33,2024-02-02 17:00:00,193,created
1787,118,2024-02-02 18:00:00,48,paid
1788,65,2024-02-02 19:00:00,23,paid
1789,146,2024-02-02 20:00:00,118,created
1790,177,2024-02-02 21:00:00,160,created
1791,11,2024-02-02 22:00:00,58,created
1792,85,2024-02-02 23:00:00,34,created
1793,26,2024-02-03 00:00:00,138,created
1794,63,2024-02-03 01:00:00,48,paid
1795,86,2024-02-03 02:00:00,176,paid
1796,59,2024-02-03 03:00:00,94,created
1797,27,2024-02-03 04:00:00,135,created
1798,177,2024-02-03 05:00:00,51,created
1799,161,2024-02-03 06:00:00,149,paid
1800,98,2024-02-03 07:00:00,194,created
1801,105,2024-02-03 08:00:00,103,created
1802,99,2024-02-03 09:00:00,41,paid
1803,129,2024-02-03 10:00:00,46,paid
1804,149,2024-02-03 11:00:00,100,created
1805,55,2024-02-03 12:00:00,145,created
1806,6,2024-02-03 13:00:00,111,created
1807,197,2024-02-03 14:00:00,40,paid
1808,95,2024-02-03 15:00:00,66,created
1809,133,2024-02-03 16:00:00,120,created
1810,102,2024-02-03 17:00:00,103,created
1811,3,2024-02-03 18:00:00,25,paid
1812,181,2024-02-03 19:00:00,166,paid
1813,23,2024-02-03 20:00:00,150,created
1814,53,2024-02-03 21:00:00,20,created
1815,165,2024-02-03 22:00:00,77,paid
1816,83,2024-02-03 23:00:00,143,paid
1817,145,2024-02-04 00:00:00,185,paid
1818,85,2024-02-04 01:00:00,34,paid
1819,78,2024-02-04 02:00:00,181,paid
1820,110,2024-02-04 03:00:00,182,paid
1821,1,2024-02-04 04:00:00,83,paid
1822,51,2024-02-04 05:00:00,44,paid
1823,173,2024-02-04 06:00:00,43,paid
1824,4,2024-02-04 07:00:00,31,created
1825,190,2024-02-04 08:00:00,37,created
1826,193,2024-02-04 09:00:00,34,created
1827,113,2024-02-04 10:00:00,46,paid
1828,32,2024-02-04 11:00:00,91,created
1829,34,2024-02-04 12:00:00,79,paid
1830,92,2024-02-04 13:00:00,193,paid
1831,95,2024-02-04 14:00:00,164,created
1832,72,2024-02-04 15:00:00,112,paid
1833,39,2024-02-04 16:00:00,72,created
1834,154,2024-02-04 17:00:00,27,created
1835,162,2024-02-04 18:00:00,98,created
1836,182,2024-02-04 19:00:00,46,paid
1837,118,2024-02-04 20:00:00,193,created
1838,3,2024-02-04 21:00:00,69,paid
1839,123,2024-02-04 22:00:00,150,created
1840,50,2024-02-04 23:00:00,112,created
1841,12,2024-02-05 00:00:00,191,created
1842,193,2024-02-05 01:00:00,43,paid
1843,54,2024-02-05 02:00:00,79,paid
1844,133,2024-02-05 03:00:00,141,paid
1845,57,2024-02-05 04:00:00,150,created
1846,145,2024-02-05 05:00:00,167,created
1847,112,2024-02-05 06:00:00,65,paid
1848,47,2024-02-05 07:00:00,34,paid
1849,151,2024-02-05 08:00:00,172,paid
1850,85,2024-02-05 09:00:00,36,paid
1851,142,2024-02-05 10:00:00,145,paid
1852,66,2024-02-05 11:00:00,103,paid
1853,75,2024-02-05 12:00:00,28,created
1854,179,2024-02-05 13:00:00,185,paid
1855,103,2024-02-05 14:00:00,195,created
1856,166,2024-02-05 15:00:00,82,created
1857,192,2024-02-05 16:00:00,136,paid
1858,38,2024-02-05 17:00:00,149,paid
1859,50,2024-02-05 18:00:00,107,created
1860,98,2024-02-05 19:00:00,91,paid
1861,82,2024-02-05 20:00:00,158,paid
1862,30,2024-02-05 21:00:00,83,created
1863,79,2024-02-05 22:00:00,91,created
1864,91,2024-02-05 23:00:00,40,created
1865,179,2024-02-06 00:00:00,37,paid
1866,191,2024-02-06 01:00:00,83,created
1867,52,2024-02-06 02:00:00,101,paid
1868,166,2024-02-06 03:00:00,129,created
1869,79,2024-02-06 04:00:00,114,created
1870,30,2024-02-06 05:00:00,185,created
1871,106,2024-02-06 06:00:00,51,paid
1872,51,2024-02-06 07:00:00,30,paid
1873,81,2024-02-06 08:00:00,64,created
1874,133,2024-02-06 09:00:00,52,created
1875,29,2024-02-06 10:00:00,121,created
1876,132,2024-02-06 11:00:00,188,paid
1877,138,2024-02-06 12:00:00,155,created
1878,184,2024-02-06 13:00:00,30,paid
1879,145,2024-02-06 14:00:00,198,created
1880,74,2024-02-06 15:00:00,107,created
1881,17,2024-02-06 16:00:00,60,created
1882,84,2024-02-06 17:00:00,164,created
1883,69,2024-02-06 18:00:00,95,created
1884,34,2024-02-06 19:00:00,140,created
1885,6,2024-02-06 20:00:00,65,paid
1886,53,2024-02-06 21:00:00,179,created
1887,194,2024-02-06 22:00:00,99,paid
1888,126,2024-02-06 23:00:00,73,created
1889,43,2024-02-07 00:00:00,105,created
1890,115,2024-02-07 01:00:00,111,paid
1891,111,2024-02-07 02:00:00,167,created
1892,151,2024-02-07 03:00:00,180,paid
1893,183,2024-02-07 04:00:00,187,paid
1894,80,2024-02-07 05:00:00,179,created
1895,95,2024-02-07 06:00:00,116,paid
1896,118,2024-02-07 07:00:00,21,paid
1897,144,2024-02-07 08:00:00,52,created
1898,8,2024-02-07 09:00:00,177,paid
1899,132,2024-02-07 10:00:00,180,created
1900,104,2024-02-07 11:00:00,96,created
1901,132,2024-02-07 12:00:00,135,created
1902,184,2024-02-07 13:00:00,173,created
1903,25,2024-02-07 14:00:00,169,paid
1904,195,2024-02-07 15:00:00,122,created
1905,96,2024-02-07 16:00:00,185,created
1906,195,2024-02-07 17:00:00,122,paid
1907,155,2024-02-07 18:00:00,109,created
1908,93,2024-02-07 19:00:00,193,created
1909,160,2024-02-07 20:00:00,141,paid
1910,178,2024-02-07 21:00:00,162,paid
1911,61,2024-02-07 22:00:00,125,paid
1912,122,2024-02-07 23:00:00,138,paid
1913,51,2024-02-08 00:00:00,191,paid
1914,147,2024-02-08 01:00:00,68,paid
1915,21,2024-02-08 02:00:00,123,paid
1916,5,2024-02-08 03:00:00,80,created
1917,92,2024-02-08 04:00:00,142,paid
1918,170,2024-02-08 05:00:00,153,paid
1919,61,2024-02-08 06:00:00,28,paid
1920,22,2024-02-08 07:00:00,25,created
1921,149,2024-02-08 08:00:00,92,created
1922,70,2024-02-08 09:00:00,122,paid
1923,1,2024-02-08 10:00:00,179,paid
1924,133,2024-02-08 11:00:00,60,paid
1925,12,2024-02-08 12:00:00,133,created
1926,90,2024-02-08 13:00:00,27,created
1927,46,2024-02-08 14:00:00,91,paid
1928,34,2024-02-08 15:00:00,197,created
1929,177,2024-02-08 16:00:00,111,paid
1930,78,2024-02-08 17:00:00,81,created
1931,45,2024-02-08 18:00:00,103,created
1932,155,2024-02-08 19:00:00,81,paid
1933,73,2024-02-08 20:00:00,130,paid
1934,26,2024-02-08 21:00:00,146,paid
1935,47,2024-02-08 22:00:00,26,paid
1936,121,2024-02-08 23:00:00,103,created
1937,56,2024-02-09 00:00:00,151,created
1938,94,2024-02-09 01:00:00,153,created
1939,107,2024-02-09 02:00:00,77,paid
1940,63,2024-02-09 03:00:00,41,created
1941,48,2024-02-09 04:00:00,173,paid
1942,61,2024-02-09 05:00:00,146,created
1943,81,2024-02-09 06:00:00,22,paid
1944,26,2024-02-09 07:00:00,146,paid
1945,36,2024-02-09 08:00:00,60,created
1946,1,2024-02-09 09:00:00,125,paid
1947,8,2024-02-09 10:00:00,33,paid
1948,113,2024-02-09 11:00:00,31,created
1949,99,2024-02-09 12:00:00,106,paid
1950,180,2024-02-09 13:00:00,31,paid
1951,47,2024-02-09 14:00:00,160,paid
1952,127,2024-02-09 15:00:00,44,created
1953,56,2024-02-09 16:00:00,64,created
1954,14,2024-02-09 17:00:00,141,paid
1955,28,2024-02-09 18:00:00,166,created
1956,78,2024-02-09 19:00:00,74,paid
1957,130,2024-02-09 20:00:00,119,paid
1958,109,2024-02-09 21:00:00,192,paid
1959,154,2024-02-09 22:00:00,155,paid
1960,14,2024-02-09 23:00:00,138,paid
1961,187,2024-02-10 00:00:00,72,created
1962,56,2024-02-10 01:00:00,51,paid
1963,115,2024-02-10 02:00:00,70,created
1964,7,2024-02-10 03:00:00,63,created
1965,3,2024-02-10 04:00:00,101,paid
1966,111,2024-02-10 05:00:00,165,paid
1967,151,2024-02-10 06:00:00,169,created
1968,107,2024-02-10 07:00:00,56,created
1969,18,2024-02-10 08:00:00,115,created
1970,38,2024-02-10 09:00:00,75,paid
1971,115,2024-02-10 10:00:00,124,created
1972,15,2024-02-10 11:00:00,78,paid
1973,192,2024-02-10 12:00:00,150,paid
1974,119,2024-02-10 13:00:00,175,paid
1975,28,2024-02-10 14:00:00,54,created
1976,39,2024-02-10 15:00:00,112,paid
1977,185,2024-02-10 16:00:00,116,paid
1978,17,2024-02-10 17:00:00,154,paid
1979,86,2024-02-10 18:00:00,95,paid
1980,126,2024-02-10 19:00:00,68,paid
1981,44,2024-02-10 20:00:00,113,created
1982,25,2024-02-10 21:00:00,178,paid
1983,145,2024-02-10 22:00:00,43,paid
1984,13,2024-02-10 23:00:00,167,created
1985,25,2024-02-11 00:00:00,56,paid
1986,68,2024-02-11 01:00:00,23,created
1987,138,2024-02-11 02:00:00,127,paid
1988,67,2024-02-11 03:00:00,145,created
1989,109,2024-02-11 04:00:00,39,created
1990,146,2024-02-11 05:00:00,171,paid
1991,111,2024-02-11 06:00:00,69,paid
1992,111,2024-02-11 07:00:00,196,paid
1993,34,2024-02-11 08:00:00,198,created
1994,111,2024-02-11 09:00:00,115,created
1995,8,2024-02-11 10:00:00,124,created
1996,168,2024-02-11 11:00:00,183,paid
1997,113,2024-02-11 12:00:00,136,created
1998,83,2024-02-11 13:00:00,117,created
1999,42,2024-02-11 14:00:00,85,paid
2000,169,2024-02-11 15:00:00,98,created
